text,label
"I don’t get the graves stuff man. I understand the advanced metrics, but he shoots it at low volume, he’s not mobile at all, he fouls a ton, and he doesn’t play a lot(22 min a game or smth). He also can’t rly create for himself very well. I think he deserves to go late first but putting him above a guy like morez or even Jefferson and Zuby and than saying there’s a talent gap is crazy to me.",analysis
Not close imho unless you’re inducting 100 more regional players. Basketball reference gives him 7% purely on nba stats. This league rating suggests China wasn’t close to a top 10 national league when he was there.,analysis
"Curry's gravity is the engine of the Warriors. Even when he shoots 4/14, he routinely draws two defenders 30 feet from the basket, creating 4-on-3 advantages for Draymond.",analysis
"Castle has a higher turnover rate and lower assist to turnover ratio than Fox. Fox is the stabilizing veteran. Fox is not a traditional floor general style of point guard, and he has had his ups and downs in the playoffs, but he does a better job not turning it over than Castle.",analysis
"I'm not a BI defender by any means but I don't think that is totally fair. Raptors had an abysmal half court offense last year, and it's been bad for a lot longer before too. BI almost always gets a decent shot, when he's not open he's still kind of open and that's why he has value. The efficiency is nothing that special but I could understand the reason they could see a role for him. There is no easy answer to fix their offense, having one guy who can create for himself can bail you out of a lot of bad possessions late in the clock.",analysis
"It’s just what a player is used to. Brunson has defended right handed players his whole life. It’s not that .It’s more you’re trying to do everything opposite of what you’ve trained. Where the help comes from, what hand to contest, where to funnel, etc…",analysis
What is with this love affair with Herb Jones? You must be a Laker fan. The dude is ok at best. He's not good enough to deserve this type of glazing.,reaction
"1, 2, 3 Cancun!",reaction
"Mike Brown isn’t letting them lmaooo, also role players and sharing the ball has helped tremendously",reaction
"Isn’t Jaden McDaniels far more scalable than Herb Jones? This season, he’d literally score twenty more points than usual when one of the stars was out.",analysis
There would still be plenty of backcourt depth. McLaughlin is a solid depth guard and Vassell and Champagnie are really shooting guards who have been playing out of position all year.,analysis
"I'm not making excuses for Luka's defensive effort in general, though I think it was improved this year, but the Lakers had no hopes of being anything other than a mediocre defense regardless of Luka's work on that end. Their roster was simply not built to be a league average defense. On the other side of things, how far do the Lakers get if Luka isn't averaging 33.5ppg and being one of the top 3 playmakers in the league? They were 10-8 (4 wins vs. PO opponents) this year without him compared to the Celtics without Brown who were 9-3 (5 wins vs. PO opponents).",analysis
He boomed me.,reaction
The one thing I want to mention is that when the Spurs traded for Fox I imagine that they the Spurs and every one else did not believe the very next season Fox was going to be a starting point guard for a championship team. The Spurs traded for Fox before they got lucky lottery odds again and were able to draft Harper at 3 this year. The Spurs winning the title this year was not on anybodies mind when this trade happened 1 season ago. Nobody thought of Fox as that guy who is the lead guard and main ball handler for a championship team this year when last year he was on the kings. My point is he did a good enough job meeting expectations and now the team's succes is so large that Fox either needs to be credited more or less. I see plenty of people who think it should be less,analysis
"In for the Basketball Hall of Fame, but not if we’re judging him only as an NBA player. The NBA resume is probably too light, but his CBA career and impact in China make his overall basketball story much stronger. The Hall is not strictly NBA-only, so I think he has a real case",analysis
"I don't think being a lefty is a disadvantage on defense. I'm a lefty tennis player, lefties have a massive advantage in tennis. But I find it way easier to play against righties, simply because I have way more practice against them. I'd think it's similar for basketball",analysis
"Haliburton's assist-to-turnover ratio is historically great because he rarely makes skip passes. He relies on short, high-percentage reads off the pick-and-roll.",analysis
"Honestly, the biggest surprise for me is Cade making First Team over Brown. Not saying Cade wasn't incredible, but jumping all the way to First Team while edging out a proven two way star on a top team is a massive statement from voters.",hot_take
"Your left hand is closer to the shooters right hand then your right hand is. If somebody focuses on defense, it would be beneficial for them.",analysis
"In terms of talent and skill, he's first ballot. His stats get him in but since teams improved without him, he's going to be criticized. He was still well in his prime when the Knicks deactivated him. He wasn't anywhere close to slowing down and had no business coming off the bench. The minor knee surgery was the only injury he ever had that kept him out significantly. He was like Terrell Owens when it came to training. He was always ready to go come camp.",analysis
WEMBY IS AN ALIEN 👽👽👽,reaction
Jerry West is a basketball lifer and I would make the argument to anybody who has more than 5 minutes to listen that his life in basketball is the GOAT of what is accomplishable in this sport.,hot_take
Why would you choose Herb Jones over guys who do what he does but better like Jaden McDaniels or OG? Herb's not even the best of his archetype as a non star and his shot fell off a cliff. He had 1 season of above average 3 point shooting and all others below,analysis
"For example, you brought up the highest FTA by a guard in NBA history. That's great and all but the [estimated] pace during the 60s was so absurd, it's not even comparable to any point in NBA history. Using the year he had a career high in FTA, we saw a pace of 121.4 possessions on average. To put that into comparison to modern basketball, the average NBA pace hasn't surpassed 100 since 1989. If we assumed the averaged pace of the 1960s to be around 120 possessions per game, he'd be averaging around 8.0 FTA which is good however it's nothing legendary and would rank around the 90th ranked players.",analysis
"I will take a guess that you have Curry ahead of him? Defense matters, right? West was a candidate for DPOTY every season. Curry has always been mediocre. Without a 3-point line, West averaged more points per game than Curry. Assists - West. Rebounds - West. Steals - West.",analysis
"Jayson Tatum is the most boring superstar in the league. He has zero aura, no signature moves, and gets carried by the best front office in basketball.",hot_take
"Game 7 where Shai was essentially the only offense OKC had is an example where I'd WANT my star who has been hot all game taking shots even if a roleplayer could have a slightly better one, simply because in that game the entire OKC cast was hurling bricks.",analysis
Send da video.,reaction
Nobody beat the allegations today.,reaction
"Mitchell has always been like this, IMO.He also doesnt play defense lol",hot_take
"Paul George is washed. I don't care what the stats say, if you watch the games he has completely lost his burst and settles for terrible jumpers.",hot_take
"Russ had a grand total of 5 teammates who shot better from unassisted than assisted (since I can't find the numbers specific to his assists we'll use this as a proxy). Three of them played a grand total of 41 games over the two seasons, so we might want to overlook them. One of them was Semaj ""Backwards James"" Christon who was out of the league immediately after. The other was Raymond Felton who aged out of the league a year later.",analysis
I dont get the AJ hype. Hes an inefficient shooter who focuses on mid range. A good portion of his offense is foul baiting. His defense is historically bad. Maybe the worst ive ever seen from someone his size. It feels like another supreme athlete that doesnt play basketball really well.,analysis
That’s like saying Jarred Vanderbilt is one of the most scalable players on the league. when in reality he’s borderline unplayable due to his offensive woes.,hot_take
"Giannis is wildly overrated and is closer to being out of the top 40 all-time than top 25. All he does is run and dunk, if you build a wall he's completely neutralized.",hot_take
"They are, Fox hunted Brunson for that 13-0 Spurs stretch in the second half. The Knicks have just been better at adjusting and have a bigger team. KAT was viewed as a weak point on defense but he’s closed that gap.",analysis
"I think the ""Boozer is the safest pick"" argument makes a ton of sense if you have the team to support a ""safe pick"". Not that Boozer can't improve a team, but many of the teams at the bottom (Utah, Washington, etc.) need someone with a much higher ceiling to sell to their fanbases.",analysis
"You need a great ball handler who you want to run the offense basically every play to hunt mismatches. And the Spurs don’t have one. Fox is their most reliable ball handler, but offensively he’s been bad this postseason. Harper would be the guy, but he’s too young and unreliable at this point.",analysis
I think the hype is justified considering what we’re seeing out of him at 22 years old. People are excited so it’s a lot but he presumably will only go up from here,hot_take
LMAOOOO the Suns really traded their entire future for KD just to get swept by Anthony Edwards.,reaction
"(I know no one wants to hear this, but his ill-advised layup was the direct result of his smart (veteran?) play to get to the loose rebound and tap it downcourt and chase it down.)",hot_take
"Luka is just James Harden with better PR. He holds the ball for 20 seconds every possession and plays zero defense, you can't win big with that style.",hot_take
Cleveland analytically won the series but not allowed to play in the finals,hot_take
"I've seen enough, give him the MVP.",reaction
"Ben Taylor uses the term scalability to mean ""doesn't lose value on better and better teams."" He mentioned it a lot in e.g. his Greatest Peaks series. That's probably where OP got it from.",analysis
"This is from google AI ""The Memphis Grizzlies rosters from the 2002 to 2007 seasons featured the franchise's first era of sustained success, including three consecutive playoff appearances. The team was anchored by stars Pau Gasol, Shane Battier, Mike Miller and Jason Williams"" Guess who worked for the Grizzles as President of basketball operations? JERRY WEST",analysis
Greatest game I've ever watched in my life.,reaction
"Been that way for a while, people hand out the 3&D tag way too easily and once you get it, you’re considered 3&D until you’re basically washed",hot_take
"He shot good two years ago and earned the 3&D tag now people are reluctant to remove it.Come to think of it, there are a lot of ""3&D"" guys who are missing either the 3, or D, or both.",hot_take
"He’s being paid $55 million a year, almost twice what any other Spur is being paid. The Knicks star, Brunson is getting $29 million.",analysis
Two long term benefits. He gets to learn veteran tricks from each of them. And he gets to defend each style regularly in practice.,analysis
Wemby is already a top 5 player in the league. People are just scared to admit it because he's a rookie. Put him on the Celtics and they go 82-0.,hot_take
ngl the scalability vs versatility debate is semantic at this point. Herb fits everywhere because he guards 1-4 at an elite level without needing touches. That's the real point regardless of label.,analysis
That’s how it felt for the Cavs i agree. It seemed like every run they went on was just taking a shot usually a 3 early in the shot clock and it was actually going in.,hot_take
The Knicks defense has been built to cover for teams hunting mismatches. They are really good at swarming the paint when there is a breakdown and recovering to good shooters when the opponents try and pass out. A lot of the Knicks steals came after the Spurs got into the paint.,analysis
"The biggest issue for San Antonio going forward is his contract. They're paying him to be their second best player, and he's their third best guard. He's going to make $61m in his age 31 season when San Antonio will need to be paying max or near-max contracts to Wemby, Castle, and Harper. They got impatient to build around Wemby and made a terrible unforced error, from an organization that has historically been smarter than that.",analysis
"Not to take anything away from these legends because you can only play against whoever is in front of you and I don't want to fault them for being born when they were. I just don't think it's fair to be comparing their raw stats against modern players. With that said, I don't think there is a fair away to judge the pioneers of the game. But stats like that 41 game win streak is super impressive.",analysis
I’m not sure you can include Boston as an exception. He was absolutely horrible for us and I was rooting for him so hard.,reaction
"Chet was literally open in the charge circle or at best had like Vassell or Fox “guarding” him and would deliberately cut out of bounds or go hide in the corner to not get the ball. I’m talking literally just put your hands up, catch, and quickly dunk radius. He could have easily had like 24 on 12/14 Fgs, even Ayton would have",analysis
INJECT THIS INTO MY VEINS.,reaction
He got that dawg in him.,reaction
"Yeah, I'm thinking I'm back.",reaction
"As a spurs fan, don’t need him to control the game as you say, just hold the ball really lol.All jokes aside, fox has been in a different role all year and he has done a great job all things considered. We lost our lead due to about a million mistakes so while I still think Fox had a brain fart, we just didn’t deserve to win the last game..",reaction
Fire Darvin Ham into the sun.,reaction
"Effort does not equal good defense (or even passable), it just appears that way. Brunson was getting torched by the end of the 4th and single handily almost caused them to lose game 2. He is a 1 percentile defender that is just as bad as everyone you mentioned, he just has several players around him to cover his faults.",analysis
They really let this man get a ring.,reaction
"The cadence thing I think is a big part of why Harden has struggled in the playoffs over his career. So much of his game is about stringing together moves that look the same - several jab steps or slow crossovers to lull you to sleep before the one where he suddenly drives to the rim or launches a step-back. That stuff is obviously really effective against the minimal level of preparation an NBA team puts into a typical regular season game. But I think defenders who are locked in for the playoffs, who have been studying film and played against him for five games in a row, can start to unlock his patterns and play a step ahead of him.",analysis
"Olynyk was always a fine player. I think one fun thing about the Wizards and their medium-term misery is the little trivial footnote of ""....if Kelly Olynyk didn't have the game of his life....""",hot_take
"If you really step back, Fox has been on good teams in 2023 and 2024 (yes, they still had a winning record here despite not entering the playoffs). Aside from those and this year, he hasn't been in other winning seasons in his 9 seasons in the NBA. While he's been in the league for a while, being in winning situations more times than not would have helped with crucial decision making",analysis
This is the worst day of my life.,reaction
"totally agree with you. reason being, high difficulty shot making is inconsistent and too highly variable (even for the best players).",analysis
We are witnessing greatness.,reaction
Jerry West is the most underappreciated great to me. As a Lakers fan I claim Jerry West as my GOAT. Not only did he have that remarkable career as a player but he was the General Manager of the Lakers from 1982-2000 and mastermind behind the Lakers getting Shaq and Kobe. Also he was hired as the Warrior's special consultant and executive board member in 2011 and help that team build and grow into a champion. Then he went to the Clippers after that and the Clippers had the best stretch in team history and made the Western Conference Finals.,analysis
"It really wasn’t a “terrible unforced error” to acquire Fox. He is a trade asset. Is he a bit overpaid? Sure, but they’ll get something back for him when they decide to move on, which will be sometime before Castle and Harper both get expensive.",analysis
"I think in the case of Shai (and other elite guard scorers like MJ, Kobe) the shot quality is less important because for guys that good, those aren't actually super difficult shots. For the average player, or role player, you'd get benched for taking them, but for those guys, that's why they are number 1 options.",analysis
"They signed him to a 4-year extension when he still had a year left on his contract. Maybe the FO didn't think they would as good this year. But they decided to pay Fox to be their starting PG and highest paid player for Wemby's age 23, 24, 25, and 26 seasons.",analysis
"If you look at the tracking data, Jokic creates more open corner threes than any center in history. It's not just his vision; it's the timing of his passes before the double team even fully commits.",analysis
"Others pointed out that Towns and Brunson are just trying really hard when they get hunted. But also OG, Bridges, and Hart are 3 hand-picked wings that are about as good as any 3-man combination at covering and recovering.",analysis
"I think he’s probably the most underrated player ever these days. You have people who think “well he was obviously good” but never put him in major conversations. To me, he’s in the KD type tier of “not quite top 10, but not outside 20”.",hot_take
You could see this during the regular season on how they limited Wemby's minutes. There were several games where I clearly felt like they chose long term health/development of the players over regular season wins.,analysis
Reaves isn’t on OG’s level. None of the things he’s better at offensively have moved the needle yet in the playoffs.,hot_take
Obviously offense was not the main part of Russell's and Robinson's game. Even there David Robinson was definitely someone who fell off from the regular season to the playoffs when he was the #1 option on offense.,hot_take
Mickey Mouse ring.,reaction
As an OG fan since his rookie year I'm glad people know how good he is now that he's on the Knicks.,reaction
Bro thought he was him 💀,reaction
"2nd best on the Lakers and Celtics is crazy. He's not better than LeBron or Jaylen/Jayson. Reaves, White, and Castle are at least same tier as OG.",hot_take
God disguised as Michael Jordan.,reaction
The script writers went crazy with this one.,reaction
"You legitimately cannot be infinitely scalable while being a poor shooter. So no, he’s not the most scalable non-star.",hot_take
"Miami's zone defense completely stalled the Bucks. They shifted seamlessly between a 2-3 and a 3-2 depending on where Giannis was positioned, forcing Milwaukee into late-clock contested threes.",analysis
"AJ has the ability to become a Carmelo/Tatum Hybrid, and I don't think he's that far away from achieving that.",hot_take
"this is why I'm so fucking frustrated that the Raptors picked up Brandon Ingram. We already had problems with people dribbling the air out of the ball, we already had problems passing out to the open man. Now we add some guy who, albeit injured this year, takes the worst shots known to fucking man? It would be one thing if he was hurt and adjusted his playstyle, but no, he literally chooses to take the hardest shots while hurt.",reaction
It is NBA so they definitely go with the narratives.,hot_take
"Well it's ""easy"" to guard their P&R cause the Knicks don't have to worry about the guards shooting the 3. None of the Spurs ball handlers are real consistent threats to shoot. And the Knicks have the right personnel around JB to help and recover without giving up too much",analysis
Isn’t Dybansta a 3 and his ceiling higher because he’s a huge wing? Caleb Wilson and JJJ are not similar in any way. Wilson is a much twitchier athlete that can rebound. Trip is a stretch 4 that can defend 2-5 at a high level.,analysis
"But in the post season, if you’re playing an elite defense like the spurs (or okc), sometimes a superstar generating a hard shot might be the best look you get. That’s where guys like Shai (and as a wolves fan, I’d like to say Ant as well) become valuable in that they can generate a good enough look when nothing else is there.",analysis
"If they somehow offload Fox they will have almost zero backcourt depth. McLaughlin is 5'10"" and a solid garbage time player. If castle or Harper get hurt they are in real trouble.",analysis
LMAOOOOOOOOOO,reaction
Russ did not need to shoot that much. He also didn't need to shoot just 1 shot/game less than KD when they were teammates. KD might not have left OKC if he wasn't handcuffed to the most glorified loser in recent NBA history.,hot_take
I actually think this year both helped and hurt Brown. It helped in that it showed that you could create an offensive system that prioritized Brown as a 1st option and did things to get him open and get him into his shot and win games doing so.,analysis
KD's rings literally do not count. You can't join a 73-9 team that just beat you and claim you are the best player in the world. Steph was always the engine.,hot_take
"Chet was massively impactful for OKC this year. With him on the floor and SGA off the floor, OKC was still a +13 team mostly driven by his impact on defense. For a bunch of the season OKC was actually better with Chet on the floor than they were with any other player on.",analysis
We are so incredibly back.,reaction
You can’t make the hall of fame making only 2 all star teams and winning 0 playoff series (except the team he was on where he averaged 3/1/1).,analysis
"The Knicks are just playing really incredible team defense right now. Minus Brunson the kicks have a ton of size and length in their starting 5, and they’ve just been incredibly adept at rotating themselves out of undesirable matchups - a big part of that is KAT seeming to have seized his defensive potential throughout the course of the playoffs.",analysis
"They have to attack KAT in pnr, not a wemby iso. KAT is horrible at pnr defense.",hot_take
Some are saying it's one of the games in history.,reaction
"“With all the big scoring” what are you talking about? 40 points is still rare in the modern game. With the “playoff physicality” rules, even 30 is difficult to get to.",hot_take
"He's a textbook young superstar. he's hotheaded and clearly loses his cool when things don't go his way, leading to poor shot selection and dumb mistakes. (Missing two crucial FT's, throwing the ball at Castles ass)",hot_take
"Even though he played in a higher scoring era than a guy like LeBron, that Finals points stat is crazy.",hot_take
Knicks have a mature team who can play through their motions regardless of the scoreboard. They’re playing well and very consistent,hot_take
If we are giving him a nod for cba then Yi Jianlian should at least go in first. And maybe not before Marbury but I imagine there is a good list of international players that should be going into the hall of fame for international careers regardless of how their nba career panned out. Ricky Rubio being one of them.,analysis
yup. he’s the one pnr ball handler who has the handling and varied shot making to punish brunson in isolation when knicks help/paint defense is less of a factor. the only issue is fox has been really hot and cold during the spurs ps run.,analysis
"The only way to hunt KAT is by setting flare screens to get jumpers for the guy he’s guarding. Iso him and he holds up. He guarded Durant two years ago and the Wolves swept Phoenix, then held up on Jokic.",analysis
"Pulled ~1.1M individual matchups from the tracking era (2018–25) and tagged both players' shooting hand. Query against PBP data. Headline: lefty scorers do score ~4% more per possession — but there's context.The lefties who dominate the minutes board are Harden, Fox, Randle, Brunson, Sabonis. When you control for the scorer himself vs. defender (his efficiency vs lefty defenders vs righty defenders), the handedness effect is ~0.3%, i.e. noise.",analysis
The hyperbole used to elevate meh basketball players to MVP levels is neither new nor limited to the playoffs.,hot_take
"He had one wild outlier season from 3-point range but has otherwise been a poor shooter his entire career. The last two seasons he's been at 30.6% and 30.9%. And he's not a mid-range shooter, either.",analysis
"That’s great and all but we have no evidence that Fox will complete that “maturation process”. There’s really nothing to suggest he can turn into an elite game managing point guard, that’s never been his style. His shooting is streaky bordering on bad and he’s had a few bad mental mistakes and turnovers.",analysis
He's the kind of player that would redeem his reputation through a few viral tiktoks and the next generation would pretend to understand his career based off those.,reaction
The short answer is coaching and maturity. The Knicks rarely miss assignments and easily adjust to the personnel on the floor.,hot_take
The team had quite literally zero offence outside of Westbrook. Google 2017 OKC roster lol.,hot_take
"Fox looked like a smart move to take scoring pressure off Wemby.I could see a situation next year where if Spurs get a power forward in the draft who can start, the lineup could be Harper at PG, Fox at SG and Castle at small forward.",analysis
"Westbrook was a bad shooter who led the league in shots taken. There were....looks it up.....nine guys on that team who played 20+ games and had a better eFG. Some of those names include Oladipo, McDermott, Jerami Grant (good shooters) and bigs like Taj and Adams who were high-efficiency inside scorers.",analysis
"I'm literally throwing up rn, how do you blow a 20 point lead in the 4th quarter. Fire Darvin Ham into the sun.",reaction
Least obvious ref ball.,reaction
"This is basically the top 13 from RealGM’s most recent (2023) poll, although they have Garnett at 9 and it took awhile for Kobe to edge out Jerry on tiebreaks. Next poll will be this summer and Jokic will for sure be in the top 15 conversation.",analysis
"Towns used to just try hard. Now he actually plays good D. He's not anywhere near Wemby territory but (according to D EPM which someone else in here thinks is the end all of stats) he's right there in the next pack of defenders with Castle, Harper, OG, and Bridges.",analysis
Herb just averaged 49% TS. Thats literally 8th percentile for effeciency.,analysis
"I largely agree, but I think it would be a cool idea if you included some tangible stats - both bad and good examples of how this has manifested recently",reaction
"The Celtics spamming the 5-out offense against Dallas completely neutralized their rim protection. By pulling Lively to the perimeter, it allowed Tatum and Brown to drive baseline with zero weak-side help.",analysis
"Jarrett Allen jumps to mind as long as you consider him a non-star. He’d be good on basically every team he’s on. He’s an excellent post player (his footwork and touch are seriously underrated) and rim runner while also being an elite rim protector who is mobile enough to guard serviceably on the perimeter in a pinch. He’s going to be useful regardless of how many touches he gets on offense, but I feel pretty strongly that he could be a 20 point per game scorer if his usage was higher because of how good he is in the post. The only really downside is he does need a creator who can find him down low to unlock his post game.",analysis
"Your logic doesn't really follow no? It's difficult for others to guard lefties cos its uncommon. But Brunson mostly faces against righties, so he should be used to it.",analysis
Mickey Mouse franchise.,reaction
"50 points has been scored by a player 13x in the playoffs in the 2020s, more than any other decade (next-most was 9x in the 60s with all the crazy scoring stats). This also means the 9 different players to drop 50+ in a playoff game this decade is the most for any decade. And we got 3 more postseasons to go this decade.",analysis
"I would say that the ""more difficult to find the cadence of the scorer"" has more to do with the fact that 90% of players are right-handed and less to do with the handedness of the defender (ie. you don't get as many reps against left-handed guys, especially players as dynamic and capable as Brunson).",analysis
"I maintain that Deni Avdija would’ve made All-NBA third team if he didn’t get struck by someone running a red light in a car crash, his back injury was right afterwards and he kept trying to come back too soon to help his team make a postseason push and keep in the running for MiP and All-NBA because of the 65 game cutoff.",hot_take
"This is one of the most common opinions in NBA Draft circles. Boozer has the highest floor in the draft, but 3rd or 4th in ceiling.",hot_take
"Compare that to curry’s 2016 playoff run where he famously wasn’t himself and curry is at… 36 per 100 + 11. In fact, every playoffs after ‘14 has curry scoring at a higher rate than West ever did in his career.",analysis
"Points per shot attempts should be talked about more. I care less about volume by itself or even field goal percentage because it’s not taking into account getting to the line nor making the free throws. But if we talk about points per shot attempt, then take Jokic and you have games where he has 25 points on 10 attempts because he made every field goal and made 5 free throws and that is an INSANEly good offensive game we don’t need to watch the game to know that.",analysis
Kyrie proved against the Bulls the other night that he's not a winning player. He put up big numbers but in the end a loss is a loss. He's a floor raiser but not a ceiling raiser.,hot_take
I'm deleting my account.,reaction
I owe you an apology. I wasn't really familiar with your game.,reaction
HANG IT IN THE LOUVRE.,reaction
"Some of you know that I write a lot of profiles for historic NBA players. I just published a book with 500 player profiles in it, so check it out if you might be interested in learning more about the most noteworthy players who appeared in the league during the 20th century.",reaction
"The Lakers' drop coverage was getting exposed all night. Reaves kept getting caught on the screen, forcing AD to step up, which left the lob wide open for Gordon.",analysis
"I think that is a good question, I mean that should be one of the strengths (or at least compensations) of the zone, they should be able to exploit that length in the post. Especially with Wemby having so much gravity, they should be able to go to the post more often.",analysis
"I think I'd have had Brown over Luka. Cade was a pretty clear choice to me as the best player on the best regular season team in the east. Luka had a good year, too, but his inconsistent effort definitely contributed to the Lakers mediocre defense.",hot_take
He is not a serious basketball player.,reaction
Nobody respects his shooting. He’s always wide open,hot_take
"I think Shai actually did play great given the circumstance of Chet doing basically nothing to make his job easier on offense. In game 7, that is. The rest of the series is another story.",hot_take
"And darryn Peterson has a super high floor and ceiling, so I’d take him with the No. 1 pick",hot_take
"In general I believe that teams win more by getting easy shots than by making tough ones, but in the playoffs, often teams end up being forced into tough shots anyway. A big part of the reason why the Knicks are better this year is because they've gotten much better at getting guys easy shots. Brunson makes impossible shots sometimes, and the team needs that, but in previous years it felt like ""Brunson making difficult shots"" was their entire offense.",analysis
"I like this post, I think everyone is focused on the talented forwards at the top of the draft but I'm curious to see how the point guards play out, I think one of these top 3 PGs you've listed is gonna be one of those guys where people say ""wow how did he slide out of the top 5???""",hot_take
Look at how they massacred my boy.,reaction
"The lack of passing/decisions is nearly as bad as his shooting. OKC, SA, NY, Atl, Bos... Tons of teams expect their guys to be able to push the advantage when the other team is in rotation. This is one of the main reasons Risacher is out in Atlanta.",analysis
"The Spurs own the Hawks first round pick #20 this year and the Hawks unprotected first round pick next year 2027. After that year in 2028 the Spurs own the swap rights to either their pick or Boston's. 2029 they have their own 1st round pick. 2030 they own 1st round swap rights with aka they get the best pick out of Dallas, Minnesota and San Antonio. And for probably the biggest prize of all they own the right to swap picks with the KINGS in 2031. They own a first round pick the next 7 years and most of 4 of those 7 they have the right to swap with a presumably worse team.",analysis
"Herb Jones is elite defensively no question, but I'd argue Derrick White has the same plug-and-play quality with a higher offensive ceiling. The difference is White can scale up his usage when needed (see Celtics playoff run) while still being elite off-ball. Herb's offense is still mostly catch-and-shoot and cuts — great for a 5th option, but if you need 14-16ppg from him in a playoff series, it gets shaky.",analysis
"I have the exact opposite gut feeling about whether Boozer's game extends to the NBA level.  I think he has absolutely benefited from his size in college, a difference that will dwindle if not outright disappear at the pro level.",analysis
"Marbury is actually my favorite all time player . At least as kid. Native New Yorker , Coney Island kid etc etc There is no way in hell he is a hof. I’m his biggest fan, I sometimes go watch his highlights and watched his documentary and read about China, starburys etc etc My man is like Steve Francis or on that level . Talent was realllllly good but nothing special tbh. He could have potentially been a hof if he had improved and been consistent and focused etc but honestly there’s 100s of former players like that. Hof players are the ones that have a lot of what makes a very successful nba career . Talent , longevity, consistency, focus , success. Stephon had one of those attributes and nothing more. Love love love marbury but even he wouldn’t put himself in the HOF. I do think his decision to go to China changed the game in many ways . It’s no longer an embarrassment to play overseas , and many players are signing with chinease brands . Look at curry, klay etc I feel like marbury was smart enough to see that potential",analysis
Ref masterclass tonight.,reaction
In 2017 OKC was 17th in points/100 poss. They were not a good offense. The guys on the team who were good at shooting the basketball into the basket had their chances minimized because a guy who was bad at shooting the basketball into the basket took a lot of shots. He also turned the ball over a record-breaking number of times.,analysis
"Marbury was only himself, if he was on the ball in heliocentric basketball with him scoring mostly through dribble penetration or contested jump shots at a lower percentage in the mid-range. He had a bunch of assists but mostly do to Marbury controlling the actions.",analysis
Brunson is bad at D but he still makes effort and plays despite his physical disadvantages. Brunson had 5 steals in the last game.,analysis
"Even his elite teammates shot better when he passed to them. And aside from Enes Freedom and Victor Oladipo in 16-17 and Paul George and Carmelo Anthony in 17-18, all of them experienced more than a 25% boost when shooting from an assist. That includes Jerami Grant (+46.6%, +51.6%), Doug McDermott (+53.6%), Taj Gibson (+25.8%, the only reason the cutoff is so low), and Steven Adams (+33.6%, +38.4%). Suffice to say, his teammates didn't shoot well unless they were open, or the defense was focused on someone else.",analysis
Scott Foster legacy game.,reaction
Might not be a non-star though. The league and the discourse has a pretty loose definition of star that I think OG fits. ,hot_take
See now OG is actually good. Like really good. Herb jones is not that good.,hot_take
"His injuries are not lingering they are active, ayo dove into his leg and fox suffered a high ankle sprain a little over a month ago, he is having to play much different because of it, but he has adapted fairly well and is currently leading all point guards in ast/to in the playoffs",analysis
"Flipping Marbury for Kidd goes down as probably the greatest trade in Nets history Minus Marbury being a guard and not a center, it’s essentially the 2000s equivalent of the Haliburton trade",hot_take
What a sick joke.,reaction
"His NBA resume is more than a little too light, it’s not even close. He doesn’t have that many accolades and he is pretty widely considered a losing player in the NBA despite a few accolades. Based on the NBA he wouldn’t even get any serious consideration.",hot_take
"Overall he’s a really good player imo (close to being great ) , but the finals showed he isn’t ready. Mentally nor is he ready to be face of the league. Even in the finals, he put up an average of 26 points, 11 boards and 3.5. He was still very much a really good player the first 3 quarters of each game. It’s just in 4th, he would disappear like the avatar when the spurs needed him the most. He just isn’t mentally ready for the big moments yet. He had piss running down his leg, like Chet did in the ecf.",hot_take
"Remember people were saying this same thing about Cam Johnson, DFS, Bruce Brown….. all these guys left their teams and essentially fell off a cliff. The system still matters to the 3 and D guys too. Especially the ones that play a good chunk of minutes.",analysis
"Smart move by the spurs, they surrounded Wemby with every center archetype imaginable from that era.",analysis
"Euroleague and FIBA (ex: Olympics, Eurobasket) are really the only international accolades that matter for basketball of fame. Being a champion or MVP of your non NBA domestic league doesn’t really carry weight in the basketball hall of fame, it carries weight in the FIBA hall of fame. On top of this, CBA is like the 12th best basketball league in the world. It’s not near the level of, for example, Spain’s Liga ACB.",analysis
"They are overrating such players. That said, efficiency in the playoffs has a lot to do with teammates and quality of coaching. Fewer opportunities for quality shots isn’t really the fault of a top scorer because the truly selfish ones are first round exits at best.",analysis
"Appreciate the write up. I know all the accolades, stats, records, etc all speak very favorably about him however I just find it too difficult to discuss/rank him in all time discussions. I say the same for Mikan, Wilt, Bill, Pettit, Cous, Thurmond, etc. I acknowledge them all as pioneers of the game and they're the type of players who could transcend any era however the game was way too different.",analysis
"Shai's driving ability is elite, but it's enabled by Chet's spacing. Last year, teams packed the paint against OKC. This year, with a stretch 5, Shai is seeing single coverage on drives 65% of the time.",analysis
"Yeah but Brunskn grew up playing against 98% right handed people. That's what makes lefties harder to deal with, you aren't as used to it. So no",hot_take
"For 1980s-2010s NBA players, you'll want something like 7 All-Star games just to get into the Hall of Fame (half of their career). Or 5x All-Star games and multiple All-NBA teams as the baseline, preferably as a championship contributor. Otherwise, DPOY types like Draymond or Rodman can make it, too.",analysis
yeah Shai had 9 assists and .677 TS% so he was both scoring and creating for others. It just wasn't quite enough but was an MVP-level performance.,analysis
The lights were brighter than expected.,reaction
Stop the count!,reaction
A disgusting act.,reaction
This is a harsh take. His 5 year peak he averaged 22 and 8. With assist/to ration of almost 3. He was pretty damn good. You can penalize him for forcing his way out of Minnesota.,analysis
"I'm not that surprised, they had him in Denver as the backup because with his skill they could run some Jokic sets with him and feature him when Jokic was out or on the bench. Kelly's passing was used pretty well but I don't think he was featured in that same way and his skill was used more in a complimentary way",analysis
"I agree with what you’re saying, it’s like people think he’s a CP3/Mike Conley type of savvy, pass first point guard but that’s just not his game. Definitely more score first and ball dominant. I’m wondering if he has some lingering injuries and hoping he can get a bit of burst back, because he relies so much on using that athleticism to create separation for drives and midrange.",analysis
"The Lakers won 53 games and the Celtics won 56 games, so I don't see too much of a difference in the team success. Win context aside the Lakers even had a better record with Luka this year (43-21) than the Celtics had with Brown (47/24).",analysis
Get ready to learn Chinese buddy.,reaction
Brunson's footwork in the paint is the only reason the Knicks offense functions. He uses up-and-unders to create leverage against taller defenders since he lacks elite vertical athleticism.,analysis
"Because I think that the top 11 are pretty unimpeachable. (In no particular order) Kobe, Curry, Jordan, LeBron, Magic, Bird, Wilt, Hakeem, KAJ, Duncan, and Shaq. West, Jokic, Durant, and Oscar are all incredible, but I just can’t find an argument to putting any of em over someone on th other list.",hot_take
It's so over.,reaction
"I'd also add that while KAT playing much better defense has absolutely been KEY, Brunson also isn't one of those 'I'm just going to let my man go right by me' defensive liabilities like some other stars I won't mention. He's just short. He will try to get in front of his guy and use his body/ pick your pocket/ is one of the best in the league at drawing a charge",analysis
"He is good. He has a WIDE skillset. You know those radar chart showing a character's skill diagram? It's like a circle, just that no area is at the top. Even his defense (as skill) isnt at the top yet despite being the DPOY, his overall defense is good because of skill + his unique freakish length.",analysis
"The fox dialogue has been a massive overreaction. Even if you think Harper will be better next year, they have no backcourt depth. The Spurs wouldn’t be here without fox. Yeah, he’s not a cerebral mastermind, and I doubt he ever will be quite on that level, but his presence and composure brought stability in the middle of that thunder series.",analysis
Frauds. Absolute frauds.,reaction
Put him in the torture chamber!,reaction
"The problem is not Fox, but Fox and his contract. The spurs have 3 very good guards to share the 2 spots and can all play 30 minutes per night. To move on from fox would cost them a bunch of picks for a MPJ, or decent 2 way power forward to give them some more toughness. Not getting a top tier player - no chance.",analysis
The Timberwolves' defensive rating drops by 12 points when Gobert sits. It’s not just rim protection; it’s his ability to orchestrate rotations from the backline.,analysis
"The Bucks 2021 championship was a complete fluke. If KD's shoe is a half size smaller, they get bounced in the second round and Giannis demands a trade.",hot_take
With Dybantsa you’re also taking a guy who really only plays as a number one option - sure he has the tools to be an elite role player a la Wiggins on GSW but there’s the risk that he will struggle as a first option just like Wiggs did when in Minnesota,analysis
I can't do this anymore man.,reaction
Lemmings produced at a higher level than Brown and has size and versatility over Acuff.,hot_take
Joel Embiid will never win a championship because he doesn't have the clutch gene. He shrinks every single time the lights get bright in the second round.,hot_take
Super smart and not surprising its the Spurs who would do this for their star and future.,hot_take
"I just don't see the point of having Fox, Castle and Harper on the same team if Fox is on a max. Castle/Harper seems like the nobrainer backcourt duo for San Antonio next to Wemby. I think these finals have dropped his value by a lot especially with that behemoth contract",analysis
Absolute cinema.,reaction
SGA taking double and triple teams with his second option out and putting up 9 assists per game is driving the offense and creating open looks.,analysis
"Herb Jones is the only guy on that list that is great defensively, and most of the rest aren’t even average. That plus tons of injuries. Also Poole(and to a lesser extent Fears and Queen) were outright negatives on the court this season. The rookies can probably get better with time though.",analysis
Cancel the season.,reaction
This reminds me of pre draft Anthony Bennett being a safe 20-10 type of guy,hot_take
"I feel like with NBA Hall of Fame questions a lot of people reflexively say they are in because the of the low bar, and while I don’t think that’s necessarily a wrong sentiment (unfortunately) I think it’s more interesting to discuss whether a player should be in the Hall of Fame.",hot_take
It’s the same with tennis. You get used to seeing things from a certain angle and with certain spins and then you lay a lefty and it’s opposite. You take ever so slightly longer to react. I see how it happens defending a lefty who is very good at scoring multiple ways on basketball too.,analysis
"Out, his NBA career is not close as a Morant type enigma figure for a limited time, whether you put him in based on China depends on your philosophy but I'm not sure I value CBA high enough for that",hot_take
Is he stupid?,reaction
"7.JERRY WEST IS THE LOGO. Many people don't know this, he silhouette is what the NBA uses for the logo of the NBA.",hot_take
Adam Silver is furious right now.,reaction
"Scalability would be like saying, “Jared McCain is so efficient in his role off the bench, he could score so much more with more volume and opportunities!”",analysis
"Anthony Edwards is already better than Dwyane Wade ever was. Wade played with Shaq and LeBron, Ant is carrying a poverty franchise by himself.",hot_take
I’m a big fan of Herb but he’s just not a shooter. During 2024 season his shot was really falling which had me hyped hoping it was something he could permanently add. This past season especially has been rough though. He’s still a great defender but he really doesn’t add anything offensively which limits the way he can be deployed by contending teams.,analysis
My goat would never.,reaction
WE ARE SO BACK.,reaction
Curry is arguably the best offensive weapon ever. The way that he warped the game with his gravity and led historic offenses can’t be replicated.,analysis
Boozer is just a straight up better prospect than Dybantsa. Really dislike shot creators that don't play defense and can't hit 3s. Demar Derozan and Melo are like the ceiling of that archetype.,analysis
This is basketball heritage.,reaction
"Absolutely not. He doesn't even make the Hall of Pretty Damn Good. The HoF needs to mean something. ""This was an important figure in the history of basketball."" Marbury was a much-hyped youngster who never came close to living up to the hype.",hot_take
"Yeah, if his contract isn't tradable I think he might benefit in some ways from being a 6th man rather than a starter, think he could work better as a spark of instant offense rather than as lead decision maker. As a Spurs fan I'd rather trade him but theres probably a good chance that isnt possible",analysis
"Refs completely rigged this game. Adam Silver made the call, needed this to go to game 7 for the TV ratings.",reaction
Did you know Dybantsa’s ISO% is like close to the highest in CBB history? And so are his unassisted FG attempts.he’s like the Carmelo Anthony of Carmelo Anthonys. Boozer is way safer and way more geared for TEAM success.,analysis
"Dude's shooting was rough this year, I feel like he would get played off the floor in the playoffs if a team's gameplan was to help off of him. OG Anunoby is about as versatile defensively and his eFG was 58.1% to Herb's 46.7%.",analysis
"Dipo had a 20+PPG, All-NBA season the year after. Domantas Sabonis was forced by OKC to play as a damn tweener out on the wing shooting threes next to Russ. Enes Kanter, famously all offense no defense, had a big role off the bench.",analysis
Nah this is actually nasty work.,reaction
"Precisely, OP is talking about teams respecting his shooting like it happens, and that the fact it doesn’t, doesn’t completely ruin the rest of his of offensive game.",analysis
OG. Every point you make for Herb is true for OG but he’s even better on pretty much every point.,hot_take
I think there’s a really good chance people do their redraft in 3 years and everyone wonders why Acuff wasn’t a clear top 3 or 4 pick.,hot_take
"I think Marbury is one of those player who on paper looks like a borderline hall of famer, but every NBA team he was on got better after he left (except Boston and the Knicks) Minnesota went from a .500 team to a 50 win team regularly once he left.Nets went from early lottery to the NBA finals two years in a row.Suns went from being well out of any sort of contention to being a 60 win team and became one of the most consistently good teams to not win a championship.He was like the anti-Robert Horry.",analysis
"Giving the MVP to the 6th seed due to narratives was a huge blunder. It should have gone to Kawhi that year (60+ wins, efficient scoring, top 3 DPOY).",analysis
Why did he shoot that?? I'm sick to my stomach.,reaction
I will be there no matter what.,reaction
"Over the last month of basketball, OKC's Jalen Williams has averaged 21.5/5.1/4.1 on 56% FG, and 63.1% TS. The Thunder are 33-1 without him over two seasons, his efficiency is completely absurd.",analysis
"Only if they change the name to ""Hall of Dribbling for 22 Seconds and Chucking Up An Ugly Shot."" Stats are great, a list of achievements is great. But can you name another Hall of Famer that was traded three times in his prime, and his former team improved every time? It was true in Minnesota, and New Jersey, and Phoenix. He was a very talented player whose style never translated into very good basketball.",analysis
"OKC wasn't an offensive juggernaut. They clearly prefer to score in transition. I think that is the bigger story and take away, they failed there and Spurs even outshining them in transition out of their zone.",analysis
What is your take on the Brunson Acuff comparison and reason for Acuff being thought of as high as top 5? I’m curious if Brunson and his success is the reason that propels Acuff forward or even the reason he’s talked about as top 5 potentially when Brunson fell all the way to the 2nd round.,analysis
"The biggest culprit is the ""OMG Triple Double"" MVP of Westbrook, who had a year in which he broke the single-season turnovers record while also missing 1117 field goals. That number is *hard* to match. Maxey led the league in missed shots this year with 807. Westbrook's MVP year was one of the most wasteful-with-the-ball seasons in league history. Yeah, he hit some highlight shots close and late. Those games were also only close because he was so wasteful.",analysis
"LeBron himself is left handed and was all defensive 1st team several years in a row while being a DPOY runner up. It has much more to do with athletic traits and effort, especially because, like someone else pointed out, he'll have tons of reps playing against right handed players by virtue of 90% of people being right handed so the reads shouldn't be much of an issue.",analysis
"LeBron is left-handed so there may be some bias. But I'm left-handed as well and speaking from personal experience, it's just easier. No one ever expects where our shot is going to come from. You have to consider 90% of the people you play against are going in the opposite direction.",analysis
Spurs strength is slashing to the rim. Harder to take advantages of mismatches as there’s help. They have guys that can score on 3 levels but nowhere near the level of Brunson or KAT.,analysis
"With all due respect hell naw man. Even if he thought that was a free layup, which would be a ridiculous thought no matter what he thought of his current athleticism, it is still clearly advantageous to dribble outside and waste as much clock as you can. Anyone defending that move is bewildering to me. You're just trying to be contrary at a certain point.",reaction
Trey Murphy I guess is almost a star but he’s what every team is drooling over. Herbs a little in danger of becoming like Thybulle.,hot_take
"Fox is also 7 years older than Castle. I love him as a profile but I'm not convinced he's the same explosive guard he was in Sacramento and I'm not sure where San Antonio goes with both him and Castle/Harper. I don't blame him for the loss eitherway, he's not supposed to be the vet in any team when he's spent all his career being tortured in Sacramento.",analysis
I am literally shaking and crying right now.,reaction
Herb is one of those players fans fully appreciate but casuals probably overlook because the box score isn’t flashy.,hot_take
ive been scratching my head about that too.brunson hunted harden but i dont see too many hunting brunson these playoffs.,reaction
"As a lifelong fan since yesterday, this hurts.",reaction
Just fell to my knees in a Walmart parking lot.,reaction
"Even if a guy like Herb shoots league average or a little better from three, it's because he's taking only wide open shots. You have to punish defenses by hitting 40%+ on wide open shots before they see you as a threat requiring attention (and thus creating spacing).",analysis
"The team has success not due to Fox, but in spite of him. Dude shoots badly throughout the entire year, can’t drive and the worst of all is that he displays low basketball IQ yet tries to act smart thinking he is a vet on the team.",hot_take
Brunson played against right handed players his whole life since more people on average are right handed. As a former basketball player I doubt him being left handed has anything to do with his defense,hot_take
"Manu was a good defender though. De'Aaron Fox is left-handed, and he seemed like a pretty good defender blocking KAT last night.",hot_take
